Car Model,Location,Price,Fuel,KM driven,Transmission
2019 Hyundai Grand i10 SPORTZ 1.2 KAPPA VTVT,"Goregaon, Mumbai",₹3.55 lakh,CNG,"82,657 km",Manual
2016 Hyundai Elite i20 SPORTZ 1.2,"Goregaon, Mumbai",₹3.24 lakh,Petrol,"82,473 km",Manual
2021 Hyundai AURA S 1.2 CNG,"Regency Anantam, Dombivli East",₹5.8 lakh,CNG,"6,916 km",Manual
2022 Hyundai AURA S 1.2 CNG,"Regency Anantam, Dombivli East",₹6.5 lakh,CNG,"9,976 km",Manual
2022 Hyundai NEW I20 N LINE N6 1.0 TURBO GDI IMT,"Regency Anantam, Dombivli East",₹8.7 lakh,Petrol,"28,611 km",Manual
2017 Hyundai Xcent E+,"Regency Anantam, Dombivli East",₹3.9 lakh,Petrol,"103,048 km",Manual
2013 Hyundai Eon MAGNA +,Thakur Village Kandivali E Mumbai,₹2.3 lakh,Petrol,"47,062 km",Manual
2014 Hyundai Eon D-LITE+,"Regency Anantam, Dombivli East",₹2 lakh,Petrol,"38,085 km",Manual
2021 Hyundai NEW I20 ASTA (O) 1.0 TURBO GDI DCT,"Korum Mall, Thane West",₹8.43 lakh,Petrol,"31,681 km",Automatic
2024 Hyundai AURA S 1.2,Thakur Village Kandivali E Mumbai,₹6.35 lakh,Petrol,"28,849 km",Manual
2017 Hyundai Creta SX PLUS 1.6 DIESEL SPECIAL EDITION,Seawood,₹7.41 lakh,Diesel,"76,209 km",Manual
2017 Hyundai Grand i10 ASTA 1.2 KAPPA VTVT,Thakur Village Kandivali E Mumbai,₹3.81 lakh,Petrol,"14,157 km",Manual
2020 Hyundai Creta SX (O) IVT 1.5 PETROL,"Mulund West, Mumbai",₹10.95 lakh,Petrol,"61,632 km",Automatic
2018 Hyundai Elite i20 ASTA 1.2,"Goregaon, Mumbai",₹4.8 lakh,Petrol,"67,874 km",Manual
2012 Hyundai i20 MAGNA 1.2,"Regency Anantam, Dombivli East",₹1.93 lakh,Petrol,"147,671 km",Manual
2019 Hyundai NEW SANTRO SPORTZ AMT,Thakur Village Kandivali E Mumbai,₹3.71 lakh,Petrol,"62,306 km",Automatic
2017 Hyundai Creta SX PLUS AT 1.6 PETROL,"Goregaon, Mumbai",₹6.41 lakh,Petrol,"148,517 km",Automatic
2018 Hyundai Creta E PLUS 1.6 PETROL,"Goregaon, Mumbai",₹5.89 lakh,Petrol,"89,207 km",Manual
2019 Hyundai Grand i10 SPORTZ 1.2 KAPPA VTVT,"Korum Mall, Thane West",₹3.75 lakh,CNG,"85,579 km",Manual
2021 Hyundai AURA S 1.2,Seawood,₹5.71 lakh,CNG,"50,856 km",Manual
2014 Hyundai Grand i10 SPORTZ 1.2 KAPPA VTVT,"Korum Mall, Thane West",₹2.65 lakh,Petrol,"56,428 km",Manual
2020 Hyundai NEW I20 ASTA 1.0 GDI TURBO DCT,"Goregaon, Mumbai",₹7 lakh,Petrol,"71,197 km",Automatic
2018 Hyundai NEW SANTRO SPORTZ MT,"Regency Anantam, Dombivli East",₹3.2 lakh,Petrol,"39,944 km",Manual
2022 Hyundai VENUE S+ 1.2,"Mulund West, Mumbai",₹7.06 lakh,Petrol,"34,022 km",Manual
2013 Hyundai i10 ASTA 1.2 AT SUNROOF,"Goregaon, Mumbai",₹2.53 lakh,Petrol,"31,273 km",Automatic
2021 Hyundai NEW SANTRO SPORTZ EXECUTIVE MT CNG,"Goregaon, Mumbai",₹3.79 lakh,CNG,"82,360 km",Manual
2016 Hyundai Creta SX PLUS 1.6 PETROL,"Goregaon, Mumbai",₹6.21 lakh,CNG,"88,646 km",Manual
2015 Hyundai Elite i20 SPORTZ 1.4 CRDI,Thakur Village Kandivali E Mumbai,₹4.59 lakh,Diesel,"41,547 km",Manual
2022 Hyundai GRAND I10 NIOS ASTA AMT 1.2 KAPPA VTVT,"Mulund West, Mumbai",₹6.61 lakh,Petrol,"34,018 km",Automatic
2012 Hyundai i20 SPORTZ 1.2,"Goregaon, Mumbai",₹2.31 lakh,Petrol,"76,651 km",Manual
2018 Hyundai Elite i20 MAGNA EXECUTIVE CVT,Seawood,₹5.61 lakh,Petrol,"26,607 km",Automatic
2019 Hyundai Creta S 1.4 DIESEL,"Mulund West, Mumbai",₹8.62 lakh,Diesel,"81,304 km",Manual
2018 Hyundai Creta SX PLUS AT 1.6 PETROL,Thakur Village Kandivali E Mumbai,₹7.25 lakh,Petrol,"56,007 km",Automatic
2020 Hyundai AURA SX PLUS 1.2 AMT CRDI,"Goregaon, Mumbai",₹6.5 lakh,Diesel,"57,572 km",Automatic
2020 Hyundai VENUE SX 1.0 TURBO IMT,Seawood,₹7.27 lakh,Petrol,"63,694 km",Manual
2014 Hyundai i10 SPORTZ 1.1,"Mulund West, Mumbai",₹2.11 lakh,Petrol,"46,962 km",Manual
2023 Hyundai EXTER SX 1.2 AMT,"Korum Mall, Thane West",₹8 lakh,Petrol,"6,842 km",Automatic
2017 Hyundai Grand i10 MAGNA AT 1.2 KAPPA VTVT,Seawood,₹4.25 lakh,Petrol,"52,993 km",Automatic
2013 Hyundai i10 MAGNA 1.1,"Regency Anantam, Dombivli East",₹2.12 lakh,Petrol,"17,870 km",Manual
2017 Hyundai i20 Active 1.2 SX,"Regency Anantam, Dombivli East",₹4.91 lakh,Petrol,"45,038 km",Manual
2014 Hyundai Grand i10 ASTA 1.2 KAPPA VTVT,Seawood,₹3.21 lakh,Petrol,"19,032 km",Manual
2015 Hyundai Grand i10 ASTA AT 1.2 KAPPA VTVT,"Mulund West, Mumbai",₹3.25 lakh,Petrol,"60,158 km",Automatic
2019 Hyundai Creta SX 1.6 DIESEL,"Goregaon, Mumbai",₹9.29 lakh,Diesel,"93,081 km",Manual
2015 Hyundai Verna FLUIDIC 1.6 CRDI SX 4S,"Regency Anantam, Dombivli East",₹5.76 lakh,Diesel,"62,607 km",Manual
2017 Hyundai Elite i20 SPORTZ 1.2,Seawood,₹4.06 lakh,Petrol,"54,098 km",Manual
2020 Hyundai GRAND I10 NIOS SPORTZ 1.2 KAPPA VTVT,"Goregaon, Mumbai",₹5.05 lakh,Petrol,"46,043 km",Manual
2023 Hyundai ALCAZAR PRESTIGE 1.5 TURBO PETROL MT 7STR,"Goregaon, Mumbai",₹14.61 lakh,Petrol,"22,730 km",Manual
2021 Hyundai AURA SX 1.2,"Korum Mall, Thane West",₹5.85 lakh,Petrol,"13,104 km",Manual
2018 Hyundai New Elantra 2.0 SX(O) AT PETROL,"Mulund West, Mumbai",₹7.42 lakh,Petrol,"93,341 km",Automatic
2015 Hyundai i10 MAGNA 1.1,"Mulund West, Mumbai",₹2.57 lakh,Petrol,"76,630 km",Manual
2018 Hyundai Grand i10 SPORTZ 1.2 KAPPA VTVT DUAL TONE,"Goregaon, Mumbai",₹3.85 lakh,Petrol,"46,099 km",Manual
2018 Hyundai Xcent S 1.2,"Goregaon, Mumbai",₹4.5 lakh,Petrol,"100,881 km",Manual
2016 Hyundai Grand i10 SPORTZ 1.2 KAPPA VTVT,"Mulund West, Mumbai",₹3.68 lakh,Petrol,"47,592 km",Manual
2023 Hyundai AURA SX 1.2,"Goregaon, Mumbai",₹6.85 lakh,Petrol,"7,288 km",Manual
2015 Hyundai Elite i20 SPORTZ 1.2 (O),"Goregaon, Mumbai",₹3.89 lakh,Petrol,"73,898 km",Manual
2022 Hyundai GRAND I10 NIOS SPORTZ 1.2 KAPPA VTVT,"Regency Anantam, Dombivli East",₹5.57 lakh,Petrol,"28,068 km",Manual
2023 Hyundai NEW I20 N LINE N8 1.0 TURBO DCT,"Regency Anantam, Dombivli East",₹9.81 lakh,Petrol,"18,996 km",Automatic
2016 Hyundai Grand i10 SPORTZ 1.2 KAPPA VTVT,"Korum Mall, Thane West",₹3.65 lakh,Petrol,"58,285 km",Manual
2012 Hyundai Eon SPORTZ,Powai Mumbai Maharashtra,₹1.4 lakh,Petrol,"43,869 km",Manual
2013 Hyundai i10 MAGNA 1.1,Pancharatna Complex 2WXQ+GX Mumbai Maharashtra,₹1.83 lakh,Petrol,"31,484 km",Manual
2013 Hyundai Verna FLUIDIC 1.6 VTVT EX,Kandivali East Mumbai Maharashtra,₹2.92 lakh,Petrol,"14,404 km",Manual
2013 Hyundai i20 MAGNA 1.2,Kandivali West Mumbai Maharashtra,₹3.52 lakh,Petrol,"21,806 km",Manual
2011 Hyundai i20 ASTA 1.2,Kharghar Navi Mumbai Maharashtra,₹1.4 lakh,Petrol,"88,618 km",Manual
2011 Hyundai i20 SPORTZ 1.4 CRDI,Sector 32 Gurugram,₹1.65 lakh,Diesel,"76,146 km",Manual
2019 Hyundai Elite i20 MAGNA PLUS 1.2,Kandivali West Mumbai Maharashtra,₹4.74 lakh,Petrol,"23,438 km",Manual
2017 Hyundai Verna 1.6 VTVT SX O,Navare Nagar Ambernath Maharashtra,₹5.93 lakh,Petrol,"77,191 km",Manual
2018 Hyundai Elite i20 MAGNA EXECUTIVE 1.2,Antop Hill Mumbai Maharashtra,₹3.83 lakh,Petrol,"41,688 km",Manual
2015 Hyundai i10 MAGNA 1.1,Thane East Thane Maharashtra,₹2.73 lakh,Petrol,"62,661 km",Manual
2016 Hyundai Elite i20 SPORTZ 1.2,Khadakpada Kalyan Maharashtra,₹3.58 lakh,Petrol,"67,896 km",Manual
2011 Hyundai Verna FLUIDIC 1.6 VTVT SX,Santosh Nagar Kalyan Maharashtra,₹1.82 lakh,Petrol,"63,304 km",Manual
2011 Hyundai i20 SPORTZ 1.2,Kandivali West Mumbai Maharashtra,₹1.61 lakh,Petrol,"71,203 km",Manual
2016 Hyundai Creta SX PLUS 1.6 PETROL,Kandivali East Mumbai Maharashtra,₹6.52 lakh,Petrol,"44,499 km",Manual
2010 Hyundai i10 ASTA 1.2,Bhandup West Mumbai Maharashtra,₹1.23 lakh,Petrol,"78,517 km",Manual
2010 Hyundai i20 ASTA 1.2,Sanpada Navi Mumbai Maharashtra,₹1.39 lakh,Petrol,"104,801 km",Manual
2021 Hyundai NEW I20 SPORTZ 1.2 MT,Syndicate Kalyan Maharashtra,₹5.79 lakh,Petrol,"21,417 km",Manual
2019 Hyundai NEW SANTRO SPORTZ CNG,Kailash Colony Ulhasnagar Maharashtra,₹3.6 lakh,Petrol,"67,125 km",Manual
2015 Hyundai Elite i20 ASTA 1.2,Khadakpada Kalyan Maharashtra,₹3.73 lakh,Petrol,"75,830 km",Manual
2017 Hyundai Verna 1.6 VTVT SX (O) AT,Khar West Mumbai,₹7.54 lakh,Petrol,"23,780 km",Automatic
2013 Hyundai i20 SPORTZ 1.2,Powai Mumbai Maharashtra,₹2.09 lakh,Petrol,"32,560 km",Manual
2015 Hyundai Elite i20 ASTA 1.4 CRDI,Mumbra Thane Maharashtra,₹4.24 lakh,Diesel,"153,594 km",Manual
2013 Hyundai i20 ASTA 1.2,N.M Joshi Marg Lower Parel Mumbai,₹1.86 lakh,Petrol,"82,775 km",Manual
2013 Hyundai i10 SPORTZ 1.2 AT,Mira Road East Mira Bhayandar Maharashtra,₹1.94 lakh,Petrol,"74,277 km",Automatic
2021 Hyundai AURA S 1.2 CNG,Kailash Colony Ulhasnagar Maharashtra,₹5 lakh,Petrol,"53,216 km",Manual
2012 Hyundai i20 SPORTZ 1.2,Vashi Navi Mumbai Maharashtra,₹2.49 lakh,Petrol,"61,903 km",Manual
2012 Hyundai i10 SPORTZ 1.2,MGM Residency Ulwe Sector 19 Navi Mumbai,₹1.61 lakh,Petrol,"46,285 km",Manual
2020 Hyundai GRAND I10 NIOS SPORTZ 1.2 KAPPA VTVT,Paisar Barabanki,₹3.99 lakh,Petrol,"75,599 km",Manual
2024 Hyundai NEW I20 SPORTZ 1.2 IVT,Thane West Mumbai,₹8.49 lakh,Petrol,"15,175 km",Automatic
2014 Hyundai Eon MAGNA +,Virar East Virar Maharashtra,₹1.66 lakh,Petrol,"35,122 km",Manual
2024 Hyundai Creta E 1.5 PETROL,Lohegaon Pune,₹11.77 lakh,Petrol,"5,398 km",Manual
2013 Hyundai i10 SPORTZ 1.1 LPG,Panvel Navi Mumbai,₹2.19 lakh,Petrol,"51,441 km",Manual
2013 Hyundai i10 ASTA 1.2,Virar West Vasai-Virar Maharashtra,₹1.74 lakh,Petrol,"42,771 km",Manual
2017 Hyundai Grand i10 SPORTZ (O) AT 1.2 KAPPA VTVT,Khemani Industry Area Ulhasnagar Maharashtra,₹3 lakh,Petrol,"42,884 km",Automatic
2012 Hyundai i10 MAGNA 1.2,Goregaon Mumbai,₹1.37 lakh,Petrol,"41,288 km",Manual
2012 Hyundai Verna FLUIDIC 1.6 CRDI SX,वसई वेस्ट तारखाड,₹2.31 lakh,Diesel,"90,002 km",Manual
2020 Hyundai Creta SX 1.5 PETROL,Kaneri Bhiwandi,₹9 lakh,Petrol,"66,726 km",Manual
2018 Hyundai Elite i20 ASTA 1.2 DUAL TONE,Seawoods Navi Mumbai Maharashtra,₹4.13 lakh,Petrol,"115,900 km",Manual
2017 Hyundai Grand i10 MAGNA 1.2 KAPPA VTVT,Taloja Navi Mumbai Maharashtra,₹3.23 lakh,Petrol,"71,942 km",Manual
2014 Hyundai Grand i10 ASTA 1.2 KAPPA VTVT,Prabhadevi Mumbai Maharashtra,₹2.25 lakh,Petrol,"88,257 km",Manual
2012 Hyundai i10 ERA 1.1,Ulwe Navi Mumbai,₹2.29 lakh,Petrol,"36,625 km",Manual
2010 Hyundai i10 MAGNA 1.1,Vile Parle Mumbai,₹0.98 lakh,Petrol,"23,000 km",Manual
2012 Hyundai Verna FLUIDIC 1.6 VTVT SX,Kalwa Thane Maharashtra,₹2.66 lakh,Petrol,"76,888 km",Manual
2017 Hyundai Elite i20 ASTA 1.2,Chembur Mumbai Maharashtra,₹3.92 lakh,Petrol,"71,310 km",Manual
2016 Hyundai i10 SPORTZ 1.1,Sector 32 Gurugram,₹2.13 lakh,Petrol,"76,529 km",Manual
2017 Hyundai Elite i20 MAGNA 1.2,Seawoods Navi Mumbai Maharashtra,₹3.93 lakh,Petrol,"63,814 km",Manual
2010 Hyundai i20 MAGNA (O) 1.2,Khar West Mumbai Maharashtra,₹1.33 lakh,Petrol,"23,516 km",Manual
2013 Hyundai i10 ERA 1.1,Khadakpada Kalyan Maharashtra,₹1.58 lakh,Petrol,"21,266 km",Manual
2017 Hyundai Xcent E+ 1.2 CRDI,Ghansoli Navi Mumbai,₹3.21 lakh,Diesel,"59,600 km",Manual
2014 Hyundai i20 SPORTZ 1.2,Thane West Thane Maharashtra,₹2.57 lakh,Petrol,"68,543 km",Manual
2014 Hyundai Santro Xing GLS,Vikhroli Mumbai Maharashtra,₹1.4 lakh,Petrol,"52,002 km",Manual
2014 Hyundai Verna FLUIDIC 1.6 VTVT SX AT,Lower Parel Mumbai,₹3.87 lakh,Petrol,"52,506 km",Automatic
2017 Hyundai Grand i10 ASTA 1.2 KAPPA VTVT,Ghatkopar West Mumbai Maharashtra,₹3.6 lakh,Petrol,"35,098 km",Manual
2014 Hyundai Eon SPORTZ,Mazgaon Mumbai Maharashtra,₹2.1 lakh,Petrol,"28,226 km",Manual
2012 Hyundai i10 MAGNA 1.2,Kalher Bhiwandi Maharashtra,₹1.5 lakh,Petrol,"56,979 km",Manual
2012 Hyundai i10 SPORTZ 1.2 AT,Panvel Navi Mumbai Maharashtra,₹1.95 lakh,Petrol,"65,211 km",Automatic
2016 Hyundai Verna FLUIDIC 4S 1.6 VTVT S,कांदिवली ईस्ट मुंबई,₹4.5 lakh,Petrol,"43,005 km",Manual
2011 Hyundai Verna FLUIDIC 1.6 VTVT EX,Worli Mumbai Maharashtra,₹1.77 lakh,Petrol,"78,217 km",Manual
2011 Hyundai i20 MAGNA 1.2,Shidivinayak Colony Titwala,₹1.35 lakh,Petrol,"73,468 km",Manual
2012 Hyundai i20 SPORTZ 1.2,Mulund West Mumbai Maharashtra,₹1.6 lakh,Petrol,"90,772 km",Manual
2015 Hyundai Eon MAGNA +,Gauripada Kalyan,₹2.49 lakh,Petrol,"28,494 km",Manual
2012 Hyundai Verna FLUIDIC 1.6 VTVT EX,Goregaon West Mumbai Maharashtra,₹2.49 lakh,Petrol,"7,865 km",Manual
2011 Hyundai i10 ERA 1.1,Mira Road East Mira Bhayandar,₹1.14 lakh,Petrol,"66,957 km",Manual
2013 Hyundai Verna FLUIDIC VTVT 1.6 EX AT,कांदिवली पश्चिम मुंबई महाराष्ट्र,₹2.5 lakh,Petrol,"114,296 km",Automatic
2018 Hyundai Creta SX PLUS 1.6 PETROL,Colaba Mumbai Maharashtra,₹6.75 lakh,Petrol,"75,614 km",Manual
2011 Hyundai i20 MAGNA (O) 1.2,Vasai West Sandor Maharashtra,₹1.64 lakh,Petrol,"61,108 km",Manual
2012 Hyundai i20 ASTA 1.4 CRDI,Malad w Mumbai Maharashtra,₹2.52 lakh,Diesel,"147,214 km",Manual
2012 Hyundai i10 ASTA 1.2,Kandivali West Mumbai,₹2.19 lakh,Petrol,"37,689 km",Manual
2013 Hyundai Grand i10 MAGNA 1.2 KAPPA VTVT,Powai Mumbai Maharashtra,₹2.83 lakh,Petrol,"33,137 km",Manual
2015 Hyundai Grand i10 ASTA 1.2 KAPPA VTVT,Kandivali East Mumbai Maharashtra,₹3.27 lakh,Petrol,"35,790 km",Manual
2012 Hyundai i20 SPORTZ 1.2,Dombivli East Nilje Gaon Maharashtra,₹2.31 lakh,Petrol,"35,703 km",Manual
2015 Hyundai Elite i20 ASTA 1.4 CRDI,Sidhi Vinayak Nagar Ulhasnagar,₹4.53 lakh,Diesel,"74,448 km",Manual
2014 Hyundai Grand i10 ASTA AT 1.2 KAPPA VTVT,Bandra West Mumbai,₹2.5 lakh,Petrol,"55,036 km",Automatic
2019 Hyundai Elite i20 ASTA 1.4 CRDI (O),Bhayandar East Mira Bhayandar Maharashtra,₹5.94 lakh,Diesel,"93,123 km",Manual
2012 Hyundai i10 ERA 1.1,Panvel Navi Mumbai Maharashtra,₹1.9 lakh,Petrol,"60,000 km",Manual
2018 Hyundai Verna 1.6 VTVT SX O,Taloja Navi Mumbai Maharashtra,₹5.8 lakh,Petrol,"72,478 km",Manual
2010 Hyundai i20 SPORTZ 1.2,Dadar Mumbai Maharashtra,₹1.4 lakh,Petrol,"75,088 km",Manual
2021 Hyundai NEW I20 SPORTZ 1.2 AT,Kandivali East Mumbai,₹6.63 lakh,Petrol,"18,000 km",Automatic
2016 Hyundai Grand i10 MAGNA 1.2 KAPPA VTVT,Railway Colony Shahdol,₹2.78 lakh,Petrol,"76,226 km",Manual
2012 Hyundai Verna FLUIDIC 1.6 VTVT EX,Parel Mumbai Maharashtra,₹2.4 lakh,Petrol,"66,675 km",Manual
2015 Hyundai Eon MAGNA +,Mulund East Mumbai Maharashtra,₹2.77 lakh,Petrol,"52,975 km",Manual
2013 Hyundai New Elantra 1.8 SX MT VTVT,Malad East Mumbai Maharashtra,₹3.04 lakh,Petrol,"155,931 km",Manual
2012 Hyundai i10 MAGNA 1.1,Airoli Navi Mumbai Maharashtra,₹2.5 lakh,Petrol,"17,781 km",Manual
2016 Hyundai Grand i10 SPORTZ 1.2 KAPPA VTVT,Omaxe City 1 Palwal,₹3.09 lakh,Petrol,"106,846 km",Manual
2011 Hyundai Accent GLE,Mira Road East Mira Bhayandar,₹1.21 lakh,Petrol,"96,078 km",Manual
2011 Hyundai i20 SPORTZ 1.2,Goregaon Mumbai Maharashtra,₹1.67 lakh,Petrol,"69,352 km",Manual
2015 Hyundai Eon ERA +,Malad West Mumbai,₹2.3 lakh,Petrol,"75,901 km",Manual
2013 Hyundai Verna FLUIDIC 1.6 VTVT SX,Chembur Mumbai Maharashtra,₹2.93 lakh,Petrol,"74,000 km",Manual
2015 Hyundai i10 SPORTZ 1.1,Airoli Navi Mumbai Maharashtra,₹2.6 lakh,Petrol,"40,105 km",Manual
2018 Hyundai NEW SANTRO MAGNA CNG,Malad West Mumbai,₹3.28 lakh,Petrol,"70,061 km",Manual
2011 Hyundai i20 ASTA 1.2,Dahisar West Mumbai Maharashtra,₹1.79 lakh,Petrol,"103,332 km",Manual
2014 Hyundai Eon ERA +,Kandivali West Mumbai Maharashtra,₹1.93 lakh,Petrol,"29,197 km",Manual
2016 Hyundai Elite i20 SPORTZ 1.2,Vile Parle West Mumbai Maharashtra,₹3.87 lakh,Petrol,"63,781 km",Manual
2011 Hyundai i10 MAGNA 1.2,Kandivali East Mumbai Maharashtra,₹1.08 lakh,Petrol,"20,311 km",Manual
2013 Hyundai New Elantra 1.8 SX MT VTVT,Sanpada Navi Mumbai Maharashtra,₹3.37 lakh,Petrol,"40,594 km",Manual
2022 Hyundai GRAND I10 NIOS SPORTZ 1.2 KAPPA VTVT CNG,Malad West Mumbai,₹6.31 lakh,Petrol,"21,094 km",Manual
2011 Hyundai i20 SPORTZ 1.2,Navare Nagar Ambernath,₹1.57 lakh,Petrol,"99,306 km",Manual
2010 Hyundai i20 SPORTZ 1.4 CRDI,Malad East Mumbai,₹2 lakh,Diesel,"95,383 km",Manual
2012 Hyundai i20 ASTA 1.2,Kurla Mumbai Maharashtra,₹2.53 lakh,Petrol,"62,004 km",Manual
2011 Hyundai i20 MAGNA 1.2,Thane East Mumbai,₹1.36 lakh,Petrol,"68,216 km",Manual
2011 Hyundai i10 SPORTZ 1.2,Colaba Mumbai Maharashtra,₹1.71 lakh,Petrol,"30,883 km",Manual
2019 Hyundai Grand i10 MAGNA 1.2 KAPPA VTVT,Malad West Mumbai,₹3.95 lakh,Petrol,"20,583 km",Manual
2015 Hyundai Grand i10 SPORTZ 1.2 KAPPA VTVT,Dahisar East Mumbai Maharashtra,₹3.24 lakh,Petrol,"40,250 km",Manual
2011 Hyundai Verna FLUIDIC 1.6 CRDI SX,Kopar Khairane Navi Mumbai,₹2.31 lakh,Diesel,"143,192 km",Manual
2017 Hyundai Elite i20 SPORTZ 1.2,Karanjade Navi Mumbai Maharashtra,₹4.5 lakh,Petrol,"58,969 km",Manual
2024 Hyundai AURA S 1.2 CNG,Thane West Thane Maharashtra,₹7.17 lakh,Petrol,"20,006 km",Manual
2015 Hyundai Verna FLUIDIC 1.6 CRDI SX AT,Thane West Thane,₹3.88 lakh,Diesel,"233,237 km",Automatic
2013 Hyundai Verna FLUIDIC 1.6 VTVT EX,Kansai Section Ambernath Maharashtra,₹3.38 lakh,Petrol,"90,691 km",Manual
2010 Hyundai i20 ASTA 1.2,Panvel Navi Mumbai Maharashtra,₹0.92 lakh,Petrol,"103,579 km",Manual
2012 Hyundai i10 MAGNA 1.1,Virar West Virar Maharashtra,₹1.39 lakh,Petrol,"41,397 km",Manual
2013 Hyundai i20 MAGNA 1.2,Nerul Navi Mumbai,₹2.87 lakh,Petrol,"33,180 km",Manual
2011 Hyundai i10 SPORTZ 1.2,Kharghar Navi Mumbai Maharashtra,₹1.62 lakh,Petrol,"46,169 km",Manual
2017 Hyundai Grand i10 SPORTZ (O) AT 1.2 KAPPA VTVT,Avachit Pada Bhiwandi,₹3.49 lakh,Petrol,"160,981 km",Automatic
2015 Hyundai Xcent SX 1.2 (O),Badlapur Thane Maharashtra,₹3.62 lakh,Petrol,"71,071 km",Manual
2012 Hyundai Santro Xing GL PLUS (CNG),Gandhi Nagar Muzaffarnagar,₹1.23 lakh,Petrol,"86,858 km",Manual
2010 Hyundai i10 SPORTZ 1.2,Bhagwati Colony Saharanpur,₹0.89 lakh,Petrol,"86,660 km",Manual
2013 Hyundai Verna FLUIDIC 1.6 EX CRDI AT,Panvel Navi Mumbai,₹3.47 lakh,Diesel,"110,248 km",Automatic
2015 Hyundai Xcent SX 1.2,Khadakpada Kalyan Maharashtra,₹3.61 lakh,Petrol,"36,033 km",Manual
2014 Hyundai Elite i20 ASTA 1.4 CRDI,Ahore Ahore,₹3.6 lakh,Diesel,"84,506 km",Manual
2016 Hyundai Xcent SX 1.2,X2XQ+JH Navi Mumbai Maharashtra,₹3.7 lakh,Petrol,"106,017 km",Manual
2015 Hyundai Grand i10 ASTA (O) 1.2 KAPPA VTVT,Lower Parel Mumbai,₹2.9 lakh,Petrol,"79,754 km",Manual
2011 Hyundai i10 SPORTZ 1.2,Thane West Thane Maharashtra,₹1.56 lakh,Petrol,"44,366 km",Manual
2014 Hyundai i20 MAGNA (O) 1.2,Kandivali West Mumbai,₹2.7 lakh,Petrol,"31,720 km",Manual
2013 Hyundai i20 SPORTZ 1.2,T-5 Mumbai Maharashtra,₹2.38 lakh,Petrol,"107,051 km",Manual
2023 Hyundai Verna 1.5 TURBO GDI MT SX,Sandor Vasai-Virar Maharashtra,₹12 lakh,Petrol,"18,300 km",Manual
2011 Hyundai Verna FLUIDIC 1.6 VTVT SX,Dahisar East Mumbai Maharashtra,₹2 lakh,Petrol,"87,000 km",Manual
2017 Hyundai Grand i10 SPORTZ (O) AT 1.2 KAPPA VTVT,Sudhir Tower Mulund West Mumbai,₹4.76 lakh,Petrol,"66,321 km",Automatic
2013 Hyundai i20 ASTA 1.2,Chinchpada Gaon Kalyan Maharashtra,₹2.93 lakh,Petrol,"51,005 km",Manual
2020 Hyundai VENUE SX PLUS 1.0 TURBO DCT,Kalwa Thane Maharashtra,₹7.59 lakh,Petrol,"36,438 km",Automatic
2016 Hyundai Creta SX PLUS AT 1.6 DIESEL,Ghatkopar East Mumbai Maharashtra,₹8.23 lakh,Diesel,"153,845 km",Automatic
2014 Hyundai Xcent S 1.2,Thane West Thane,₹3.27 lakh,Petrol,"44,015 km",Manual
2014 Hyundai Xcent S 1.1 CRDI,Kanjurmarg East Mumbai Maharashtra,₹3.28 lakh,Diesel,"61,481 km",Manual
2018 Hyundai Grand i10 MAGNA 1.2 KAPPA VTVT,Kailash Colony Ulhasnagar,₹3.43 lakh,Petrol,"103,917 km",Manual
2017 Hyundai Creta SX PLUS 1.6 PETROL,Lok Dhara Kalyan,₹7.87 lakh,Petrol,"59,225 km",Manual
2015 Hyundai Verna 1.6 CRDI SX,Nerul Navi Mumbai,₹5.12 lakh,Diesel,"95,613 km",Manual
2018 Hyundai Xcent E+,Sector 38 Gurugram,₹3.99 lakh,Petrol,"56,613 km",Manual
2018 Hyundai Verna 1.6 VTVT SX (O) AT,Borivali Mumbai Maharashtra,₹7.25 lakh,Petrol,"49,497 km",Automatic
2014 Hyundai Xcent S 1.2,Panvel Navi Mumbai Maharashtra,₹3.5 lakh,Petrol,"95,267 km",Manual
2015 Hyundai Elite i20 SPORTZ 1.2,Mulund West Mumbai Maharashtra,₹3.9 lakh,Petrol,"53,353 km",Manual
2015 Hyundai Xcent S (O) 1.2,Panvel Navi Mumbai Maharashtra,₹3.37 lakh,Petrol,"75,162 km",Manual
2015 Hyundai Grand i10 SPORTZ 1.2 KAPPA VTVT,Powai Mumbai Maharashtra,₹3.75 lakh,Petrol,"51,551 km",Manual
2011 Hyundai i10 SPORTZ 1.2 AT,Kandivali East Mumbai,₹1.29 lakh,Petrol,"70,834 km",Automatic
2014 Hyundai Xcent S 1.2,Thane West Thane,₹3.17 lakh,Petrol,"122,129 km",Manual
2024 Hyundai EXTER SX(O) CONNECT 1.2 AMT DUAL TONE,Thane West Thane Maharashtra,₹8.87 lakh,Petrol,"6,639 km",Automatic
2017 Hyundai Creta SX PLUS AT 1.6 PETROL,Mazgaon Mumbai Maharashtra,₹8.25 lakh,Petrol,"28,506 km",Automatic
2015 Hyundai Elite i20 SPORTZ 1.2,Bandra West Mumbai Maharashtra,₹3.99 lakh,Petrol,"10,456 km",Manual
2024 Hyundai Creta N Line N8 1.5 Turbo MT,Mulund West Mumbai Maharashtra,₹16 lakh,Petrol,"7,506 km",Manual
2015 Hyundai Xcent S (O) 1.2,Gokul Nagar Bhiwandi Maharashtra,₹3.12 lakh,Petrol,"71,115 km",Manual
2015 Hyundai i20 Active 1.2 S,Kandivali East Mumbai,₹5.43 lakh,Petrol,"39,665 km",Manual
2023 Hyundai Creta SX (O) IVT 1.5 PETROL,Mira Road East Mira Bhayandar Maharashtra,₹16.95 lakh,Petrol,"20,378 km",Automatic
2015 Hyundai Xcent S (O) 1.2,ठाणे वेस्ट ठाणे,₹3 lakh,Petrol,"103,807 km",Manual
2015 Hyundai Xcent SX AT 1.2 (O),Thane West Thane Maharashtra,₹3.6 lakh,Petrol,"74,262 km",Automatic
2010 Hyundai i10 ASTA 1.2 AT SUNROOF,Andheri East Mumbai,₹1.67 lakh,Petrol,"63,017 km",Automatic
2017 Hyundai Elite i20 ASTA 1.2 DUAL TONE,Dombivli East Mumbai Maharashtra,₹4.65 lakh,Petrol,"58,002 km",Manual
2016 Hyundai Xcent S 1.2,Kandivali East Mumbai,₹3.49 lakh,Petrol,"48,196 km",Manual
2013 Hyundai Verna FLUIDIC 1.6 CRDI SX OPT AT,Andheri West Mumbai,₹3.65 lakh,Diesel,"167,081 km",Automatic
2021 Hyundai Creta SX (O) IVT 1.5 PETROL,Sewri Mumbai Maharashtra,₹15.29 lakh,Petrol,"60,819 km",Automatic
2016 Hyundai Verna 1.6 VTVT SX AT,Chembur Mumbai Maharashtra,₹6.42 lakh,Petrol,"61,655 km",Automatic
2023 Hyundai GRAND I10 NIOS SPORTZ 1.2 KAPPA VTVT CNG,Mira Road East Mira Bhayandar Maharashtra,₹6.94 lakh,Petrol,"67,420 km",Manual
2010 Hyundai i20 MAGNA 1.2,Kurar Village Mumbai,₹1.36 lakh,Petrol,"48,829 km",Manual
2016 Hyundai Grand i10 ASTA (O) AT 1.2 KAPPA VTVT,Sector 58A Seawoods Navi Mumbai,₹3.5 lakh,Petrol,"104,376 km",Automatic
2019 Hyundai VENUE SX PLUS 1.0 TURBO DCT,Thane West Thane,₹8.22 lakh,Petrol,"11,275 km",Automatic
2021 Hyundai NEW SANTRO SPORTZ CNG,Kandivali East Mumbai Maharashtra,₹4 lakh,Petrol,"51,219 km",Manual
2022 Hyundai GRAND I10 NIOS SPORTZ 1.2 KAPPA VTVT CNG,Shahad Ulhasnagar Maharashtra,₹6.11 lakh,Petrol,"33,363 km",Manual
2021 Hyundai VENUE SX 1.0 TURBO IMT DUAL TONE SPORT,Kalwa Thane Maharashtra,₹6.45 lakh,Petrol,"52,122 km",Manual
2017 Hyundai Grand i10 SPORTZ 1.2 KAPPA VTVT,Sion Mumbai Maharashtra,₹3.71 lakh,Petrol,"19,807 km",Manual
2017 Hyundai Grand i10 SPORTZ (O) AT 1.2 KAPPA VTVT,Chembur Mumbai,₹4.09 lakh,Petrol,"28,684 km",Automatic
2013 Hyundai i20 SPORTZ 1.2,Thane West Thane Maharashtra,₹3.27 lakh,Petrol,"30,389 km",Manual
2021 Hyundai Creta EX 1.5 DIESEL,Nalasopara West Nala Sopara Maharashtra,₹11.4 lakh,Diesel,"90,245 km",Manual
2024 Hyundai AURA S 1.2 CNG,Dombivli East Dombivli Maharashtra,₹7.91 lakh,Petrol,"8,577 km",Manual
2015 Hyundai Xcent S 1.1 CRDI,Ulhasnagar Kalyan Maharashtra,₹3.64 lakh,Diesel,"82,714 km",Manual
2010 Hyundai Verna TRANSFORM 1.5 SX CRDI,Narpoli Bhiwandi Maharashtra,₹1.19 lakh,Diesel,"97,862 km",Manual
2023 Hyundai NEW I20 ASTA (O) 1.0 TURBO GDI DCT,Powai Mumbai,₹8 lakh,Petrol,"12,782 km",Automatic
2016 Hyundai Creta SX 1.6 Petrol,Shirgaon Badlapur Maharashtra,₹6.22 lakh,Petrol,"68,190 km",Manual
2016 Hyundai Creta SX PLUS 1.6 PETROL,Malabar Hill Mumbai,₹6.45 lakh,Petrol,"82,568 km",Manual
2013 Hyundai Grand i10 SPORTZ 1.2 KAPPA VTVT,कांदिवली पश्चिम मुंबई महाराष्ट्र,₹3.15 lakh,Petrol,"21,477 km",Manual
2016 Hyundai Creta SX PLUS AT 1.6 PETROL,Vile Parle West Mumbai Maharashtra,₹8.79 lakh,Petrol,"41,432 km",Automatic
2012 Hyundai i20 ASTA 1.4 AT,Powai Mumbai Maharashtra,₹2.69 lakh,Petrol,"40,431 km",Automatic
2019 Hyundai NEW SANTRO SPORTZ AMT,Andheri East Mumbai,₹3.79 lakh,Petrol,"63,784 km",Automatic
2019 Hyundai New Elantra 2.0 S PETROL,Mazgaon Mumbai,₹7.75 lakh,Petrol,"82,706 km",Manual
2014 Hyundai Grand i10 ASTA AT 1.2 KAPPA VTVT,Kopar Khairane Navi Mumbai Maharashtra,₹3.4 lakh,Petrol,"41,051 km",Automatic
2022 Hyundai VENUE SX 1.5 CRDI,Dombivli East Dombivli,₹9.68 lakh,Diesel,"67,903 km",Manual
2024 Hyundai AURA SX 1.2 CNG,Navi Mumbai Mhatwali Maharashtra,₹8.1 lakh,Petrol,"27,004 km",Manual
2016 Hyundai Elite i20 ASTA 1.2 (O),Malad East Mumbai Maharashtra,₹4.1 lakh,Petrol,"62,148 km",Manual
2010 Hyundai i10 SPORTZ 1.2,Gaurav City Mira Bhayandar,₹1.02 lakh,Petrol,"102,018 km",Manual
2014 Hyundai Verna FLUIDIC 1.6 CRDI SX AT,Khadakpada Kalyan,₹3.9 lakh,Diesel,"78,849 km",Automatic
2021 Hyundai NEW SANTRO SPORTZ CNG,Dahisar East Mumbai Maharashtra,₹5.65 lakh,Petrol,"17,390 km",Manual
2018 Hyundai New Elantra 2.0 SX AT PETROL,Worli Mumbai,₹8.06 lakh,Petrol,"45,922 km",Automatic
2016 Hyundai Creta S 1.4 DIESEL,Jogeshwari West Mumbai,₹6.3 lakh,Diesel,"101,174 km",Manual
2015 Hyundai Creta S 1.6 PETROL,Malad East Mumbai Maharashtra,₹5.75 lakh,Petrol,"88,479 km",Manual
2014 Hyundai Santa Fe 4 WD AT,Dombivli West Dombivli,₹4.99 lakh,Diesel,"132,676 km",Automatic
2017 Hyundai Grand i10 SPORTZ (O) AT 1.2 KAPPA VTVT,Andheri West Mumbai Maharashtra,₹4.86 lakh,Petrol,"39,882 km",Automatic
2012 Hyundai New Elantra 1.6 CRDI,Virar East Virar Maharashtra,₹3.73 lakh,Diesel,"100,146 km",Manual
2020 Hyundai GRAND I10 NIOS SPORTZ 1.2 KAPPA VTVT,Virar West Virar Maharashtra,₹4.5 lakh,Petrol,"43,769 km",Manual
2019 Hyundai VENUE SX (O) 1.5 CRDI,Kharghar Navi Mumbai Maharashtra,₹7.8 lakh,Diesel,"65,776 km",Manual
2017 Hyundai Verna 1.6 VTVT SX AT,Santacruz East Mumbai Maharashtra,₹6.27 lakh,Petrol,"39,824 km",Automatic
2023 Hyundai Verna 1.5 TURBO GDI MT SX,Sandor Vasai-Virar Maharashtra,₹11.5 lakh,Petrol,"18,153 km",Manual
2018 Hyundai NEW SANTRO MAGNA CNG,Panvel Navi Mumbai,₹3.53 lakh,Petrol,"66,367 km",Manual
2015 Hyundai Creta SX PLUS 1.6 PETROL,Kandivali West Mumbai,₹6.54 lakh,Petrol,"52,310 km",Manual
2023 Hyundai GRAND I10 NIOS SPORTZ 1.2 KAPPA VTVT CNG,Taloja Navi Mumbai,₹6.2 lakh,Petrol,"40,728 km",Manual
2022 Hyundai VENUE S (O) 1.0 TURBO IMT,Patel Nagar New Delhi,₹8.6 lakh,Petrol,"3,678 km",Manual
2015 Hyundai Creta SX PLUS 1.6 DIESEL,Bholenath nagar 523J+8X Thane Maharashtra,₹7.25 lakh,Diesel,"102,468 km",Manual
2018 Hyundai Creta S 1.4 DIESEL,Thane West Thane,₹8.5 lakh,Diesel,"48,125 km",Manual
2021 Hyundai VENUE SX PLUS 1.0 TURBO DCT,Mumbai Thane Maharashtra,₹8.46 lakh,Petrol,"46,976 km",Automatic
2017 Hyundai Xcent BASE 1.1,Khadakpada Kalyan Maharashtra,₹3.52 lakh,Diesel,"156,113 km",Manual
2015 Hyundai Creta SX 1.6 DIESEL,Borivali Mumbai Maharashtra,₹7.09 lakh,Diesel,"112,000 km",Manual
2019 Hyundai Creta SX AT 1.6 PETROL,Kharghar Navi Mumbai Maharashtra,₹9.5 lakh,Petrol,"114,066 km",Automatic
2020 Hyundai VENUE SX 1.0 (O) TURBO,Navi Mumbai Shilottar Raichur Maharashtra,₹7 lakh,Petrol,"44,614 km",Manual
2016 Hyundai i20 Active 1.2 S,Mumbai Andheri Maharashtra,₹4.25 lakh,Petrol,"73,702 km",Manual
2021 Hyundai ALCAZAR 1.5 SIGNATURE (O) AT 6STR,Mulund East Mumbai Maharashtra,₹16.62 lakh,Diesel,"37,328 km",Automatic
2019 Hyundai Creta SX AT 1.6 PETROL,Kandivali West Mumbai,₹9.4 lakh,Petrol,"83,474 km",Automatic
2022 Hyundai Creta S PLUS 1.4 TURBO DCT,Santacruz East Mumbai Maharashtra,₹14.68 lakh,Petrol,"34,423 km",Automatic
2023 Hyundai Verna SX 1.5 l MPI,Thane West Thane Maharashtra,₹10.75 lakh,Petrol,"18,038 km",Manual
2019 Hyundai Creta SX AT 1.6 PETROL,Wadala East Mumbai Maharashtra,₹8.85 lakh,Petrol,"46,486 km",Automatic
2022 Hyundai Creta SX (O) AT 1.5 DIESEL,CBD Belapur Navi Mumbai Maharashtra,₹16.95 lakh,Diesel,"41,826 km",Automatic
2019 Hyundai XCENT PRIME T VTVT PLUS CNG,Ulwe Navi Mumbai Maharashtra,₹3.96 lakh,Petrol,"160,068 km",Manual
2023 Hyundai Verna SX (O) 1.5 VTVT IVT,Zone 3 Mumbai Suburban Maharashtra,₹16 lakh,Petrol,"9,071 km",Automatic
2021 Hyundai NEW I20 SPORTZ 1.2 AT,Sandor Vasai-Virar Maharashtra,₹7.19 lakh,Petrol,"19,909 km",Automatic
2020 Hyundai GRAND I10 NIOS SPORTZ 1.2 KAPPA VTVT CNG,Panvel Navi Mumbai Maharashtra,₹5.76 lakh,Petrol,"25,865 km",Manual
2019 Hyundai VENUE SX (O) 1.5 CRDI,SH54 Navi Mumbai Maharashtra,₹8.96 lakh,Diesel,"103,970 km",Manual
2020 Hyundai Grand i10 MAGNA 1.2 KAPPA VTVT,Thane West Thane Maharashtra,₹4.36 lakh,Petrol,"23,715 km",Manual
2024 Hyundai EXTER SX 1.2 CNG MT,CBD Belapur Navi Mumbai Maharashtra,₹8.01 lakh,Petrol,"6,503 km",Manual
2022 Hyundai NEW I20 ASTA (O) 1.0 TURBO GDI DCT,Sector 18 Gurugram,₹8.73 lakh,Petrol,"51,637 km",Automatic
2023 Hyundai Verna SX(O) 1.5 MPI IVT,Ulwe Navi Mumbai Maharashtra,₹14.5 lakh,Petrol,"3,115 km",Automatic
2017 Hyundai Creta SX PLUS 1.6 PETROL,Anjur Sarang,₹7 lakh,Petrol,"40,563 km",Manual
2014 Hyundai i20 ASTA 1.2,"Mulund West, Mumbai",₹3.32 lakh,Petrol,"44,895 km",Manual
2019 Hyundai VENUE S 1.0 TURBO DCT,"Korum Mall, Thane West",₹6.91 lakh,Petrol,"46,208 km",Automatic
2015 Hyundai Grand i10 ASTA AT 1.2 KAPPA VTVT,"Regency Anantam, Dombivli East",₹3.17 lakh,Petrol,"63,637 km",Automatic
2017 Hyundai Elite i20 ASTA 1.2 (O),Thakur Village Kandivali E Mumbai,₹4.54 lakh,Petrol,"27,186 km",Manual
2020 Hyundai Creta SX (O) 1.4 TURBO DCT,"Mulund West, Mumbai",₹11.26 lakh,Petrol,"60,175 km",Automatic
2015 Hyundai Xcent SX 1.2 (O),"Korum Mall, Thane West",₹3.45 lakh,Petrol,"57,407 km",Manual
2016 Hyundai Grand i10 MAGNA 1.1 CRDI,"Mulund West, Mumbai",₹4.1 lakh,Diesel,"33,372 km",Manual
2019 Hyundai NEW SANTRO SPORTZ AMT,"Regency Anantam, Dombivli East",₹4.05 lakh,Petrol,"56,261 km",Automatic
